{
  "fold": 0,
  "best_epoch": 1,
  "best_val_loss": 0.027167346328496933,
  "final_metrics": {
    "mean_mz_distance": 0.4759434759616852,
    "mean_dz_distance": 0.5244861841201782,
    "mean_unrel_distance": NaN,
    "distance_gap": 0.04854270815849304,
    "auc": 0.640625,
    "pair_accuracy": 0.5625,
    "n_mz": 8,
    "n_dz": 8,
    "n_unrel": 0
  },
  "heritability": {
    "h2": 0.09708540886640549,
    "r_mz": 0.5240565165877342,
    "r_dz": 0.4755138121545315,
    "n_mz": 8,
    "n_dz": 8,
    "ci_low": 0.0,
    "ci_high": 0.31592288780957456,
    "bootstrap_mean": 0.11119635800272226,
    "method": "cosine_encoder"
  },
  "train_loss_history": [
    0.07079443661496043,
    0.06871201377362013,
    0.05733490828424692,
    0.06645890790969133,
    0.05355274141766131,
    0.05955127323977649,
    0.05450551537796855,
    0.06248883670195937,
    0.05766818090341985,
    0.05311768047977239
  ],
  "val_loss_history": [
    0.04314615996554494,
    0.027167346328496933,
    0.05175800691358745,
    0.059125643223524094,
    0.06565941986627877,
    0.06564688798971474,
    0.06432202132418752,
    0.06311251502484083,
    0.06654564989730716,
    0.06441769748926163
  ]
}