{
  "fold": 0,
  "best_epoch": 1,
  "best_val_loss": 0.25123389065265656,
  "final_metrics": {
    "mean_mz_distance": 0.5073989629745483,
    "mean_dz_distance": 0.5802026987075806,
    "mean_unrel_distance": NaN,
    "distance_gap": 0.07280373573303223,
    "auc": 0.609375,
    "pair_accuracy": 0.5,
    "n_mz": 8,
    "n_dz": 8,
    "n_unrel": 0
  },
  "heritability": {
    "h2": 0.14560752734541893,
    "r_mz": 0.4926010202616453,
    "r_dz": 0.41979725658893585,
    "n_mz": 8,
    "n_dz": 8,
    "ci_low": 0.0,
    "ci_high": 0.47589810946956257,
    "bootstrap_mean": 0.17154880870506167,
    "method": "cosine_encoder"
  },
  "train_loss_history": [
    0.2706338334828615,
    0.16753123048692942,
    0.1038219602778554,
    0.09377301530912519,
    0.06797541584819555,
    0.05314076947979629,
    0.06096965749748051,
    0.04499284643679857,
    0.02923189289867878,
    0.03032623406033963
  ],
  "val_loss_history": [
    0.38688694406300783,
    0.25123389065265656,
    0.2793578505516052,
    0.34477928280830383,
    0.3429620862007141,
    0.3455657809972763,
    0.3215392082929611,
    0.32204318046569824,
    0.363970547914505,
    0.37327124178409576
  ]
}