{
  "fold": 0,
  "best_epoch": 7,
  "best_val_loss": 0.5276904404163361,
  "final_metrics": {
    "mean_mz_distance": 0.5283058881759644,
    "mean_dz_distance": 0.561256468296051,
    "mean_unrel_distance": NaN,
    "distance_gap": 0.03295058012008667,
    "auc": 0.5625,
    "pair_accuracy": 0.5625,
    "n_mz": 8,
    "n_dz": 8,
    "n_unrel": 0
  },
  "heritability": {
    "h2": 0.06590130180120468,
    "r_mz": 0.4716941621154547,
    "r_dz": 0.43874351121485233,
    "n_mz": 8,
    "n_dz": 8,
    "ci_low": 0.0,
    "ci_high": 0.4682423440739512,
    "bootstrap_mean": 0.12304291027784348,
    "method": "cosine_encoder"
  },
  "train_loss_history": [
    0.5807199105620384,
    0.5578939393162727,
    0.4899763874709606,
    0.4507448598742485,
    0.40572563000023365,
    0.3826044425368309,
    0.3705115132033825,
    0.3640638180077076,
    0.34577122144401073,
    0.3240049909800291,
    0.31429511308670044,
    0.30443917214870453,
    0.2879454977810383,
    0.28455433435738087,
    0.28031023778021336,
    0.2746558655053377
  ],
  "val_loss_history": [
    0.7832104619592428,
    0.6122391447424889,
    0.5847508758306503,
    0.5718284323811531,
    0.5629035383462906,
    0.5425019860267639,
    0.5507906973361969,
    0.5276904404163361,
    0.542184978723526,
    0.5404098629951477,
    0.5355087220668793,
    0.5456591844558716,
    0.5507834553718567,
    0.5533710718154907,
    0.5302905738353729,
    0.528096079826355
  ]
}