{
  "fold": 0,
  "best_epoch": 7,
  "best_val_loss": 0.21112318336963654,
  "final_metrics": {
    "mean_mz_distance": 0.4211198687553406,
    "mean_dz_distance": 0.5159660577774048,
    "mean_unrel_distance": NaN,
    "distance_gap": 0.09484618902206421,
    "auc": 0.703125,
    "pair_accuracy": 0.625,
    "n_mz": 8,
    "n_dz": 8,
    "n_unrel": 0
  },
  "heritability": {
    "h2": 0.189692422747612,
    "r_mz": 0.5788801349699497,
    "r_dz": 0.4840339235961437,
    "n_mz": 8,
    "n_dz": 8,
    "ci_low": 0.0,
    "ci_high": 0.4156083824113011,
    "bootstrap_mean": 0.19270396821200847,
    "method": "cosine_encoder"
  },
  "train_loss_history": [
    0.25696690008044243,
    0.20440151914954185,
    0.18585095461457968,
    0.17022120393812656,
    0.13455882482230663,
    0.11167342960834503,
    0.08792490232735872,
    0.09594750311225653,
    0.07722369488328695,
    0.06610327726230025,
    0.06325359898619354,
    0.06575531186535954,
    0.0605218424461782,
    0.052841350669041276,
    0.053495936561375856,
    0.0411748168990016
  ],
  "val_loss_history": [
    0.4599766609026119,
    0.29334055073559284,
    0.22242457419633865,
    0.21649040281772614,
    0.21125154197216034,
    0.21592067182064056,
    0.2165224403142929,
    0.21112318336963654,
    0.22259190678596497,
    0.22688092291355133,
    0.22068603336811066,
    0.21391921490430832,
    0.2250305935740471,
    0.21435774862766266,
    0.2246406078338623,
    0.21403434872627258
  ]
}