{
  "fold": 0,
  "best_epoch": 11,
  "best_val_loss": 0.37523719668388367,
  "final_metrics": {
    "mean_mz_distance": 0.5005858540534973,
    "mean_dz_distance": 0.6290638446807861,
    "mean_unrel_distance": NaN,
    "distance_gap": 0.12847799062728882,
    "auc": 0.703125,
    "pair_accuracy": 0.5625,
    "n_mz": 8,
    "n_dz": 8,
    "n_unrel": 0
  },
  "heritability": {
    "h2": 0.2569560334086418,
    "r_mz": 0.4994141608476639,
    "r_dz": 0.37093614414334297,
    "n_mz": 8,
    "n_dz": 8,
    "ci_low": 0.0,
    "ci_high": 0.644345524162054,
    "bootstrap_mean": 0.27187553538009523,
    "method": "cosine_encoder"
  },
  "train_loss_history": [
    0.5245229788124561,
    0.27227021381258965,
    0.17692498862743378,
    0.16459466749802232,
    0.11507812142372131,
    0.07600049627944827,
    0.130635273642838,
    0.07374419877305627,
    0.05593600939027965,
    0.05229363089893013,
    0.050496310053858906,
    0.031675963604357094,
    0.04009451740421355,
    0.02800279256189242,
    0.032865304267033935,
    0.06100810633506626,
    0.06144865299575031,
    0.054220994003117085,
    0.04055743059143424,
    0.041960820788517594
  ],
  "val_loss_history": [
    0.6854704301804304,
    0.46174390614032745,
    0.5739603638648987,
    0.6176859140396118,
    0.5835882276296616,
    0.557435467839241,
    0.5016856640577316,
    0.4930862635374069,
    0.44104713201522827,
    0.42178310453891754,
    0.42217765748500824,
    0.37523719668388367,
    0.394065797328949,
    0.40159107744693756,
    0.40932875871658325,
    0.40954795479774475,
    0.42813313007354736,
    0.44595857709646225,
    0.44660933315753937,
    0.43761681020259857
  ]
}