{
  "fold": 0,
  "best_epoch": 4,
  "best_val_loss": 0.2886592520486981,
  "final_metrics": {
    "mean_mz_distance": 0.013406634330749512,
    "mean_dz_distance": 0.01652119681239128,
    "mean_unrel_distance": NaN,
    "distance_gap": 0.0031145624816417694,
    "auc": 0.73,
    "pair_accuracy": 0.65,
    "n_mz": 10,
    "n_dz": 10,
    "n_unrel": 0
  },
  "heritability": {
    "h2": 0.006229126453399569,
    "r_mz": 0.9865933656692505,
    "r_dz": 0.9834788024425507,
    "n_mz": 10,
    "n_dz": 10,
    "ci_low": 0.0006502741575241111,
    "ci_high": 0.012066905200481412,
    "bootstrap_mean": 0.006250263404846189,
    "method": "cosine_encoder"
  },
  "train_loss_history": [
    0.15904752165079117,
    0.1348574459552765,
    0.09305110201239586,
    0.09835466369986534,
    0.09887774288654327
  ],
  "val_loss_history": [
    0.29141536595667245,
    0.29124582673426386,
    0.2908640417123441,
    0.29001960025728596,
    0.2886592520486981
  ]
}