{
  "fold": 0,
  "best_epoch": 2,
  "best_val_loss": 0.1265290193259716,
  "final_metrics": {
    "mean_mz_distance": 0.4691367745399475,
    "mean_dz_distance": 0.5228733420372009,
    "mean_unrel_distance": NaN,
    "distance_gap": 0.05373656749725342,
    "auc": 0.671875,
    "pair_accuracy": 0.5625,
    "n_mz": 8,
    "n_dz": 8,
    "n_unrel": 0
  },
  "heritability": {
    "h2": 0.10747310519218445,
    "r_mz": 0.5308632105588913,
    "r_dz": 0.4771266579627991,
    "n_mz": 8,
    "n_dz": 8,
    "ci_low": 0.0,
    "ci_high": 0.3397761784493923,
    "bootstrap_mean": 0.12131551344692706,
    "method": "cosine_encoder"
  },
  "train_loss_history": [
    0.14359245169907808,
    0.1219972399994731,
    0.11930235102772713,
    0.11837987508624792,
    0.09239092003554106,
    0.1005592392757535,
    0.10090105142444372,
    0.10083374381065369,
    0.08612478151917458,
    0.07632539793848991,
    0.0834592068567872
  ],
  "val_loss_history": [
    0.23393510119058192,
    0.14245248958468437,
    0.1265290193259716,
    0.12876222655177116,
    0.13607360422611237,
    0.13478434085845947,
    0.1352900043129921,
    0.13546313345432281,
    0.14303277432918549,
    0.13965241611003876,
    0.1423887237906456
  ]
}