{
  "fold": 1,
  "best_epoch": 4,
  "best_val_loss": 0.27764680060984875,
  "final_metrics": {
    "mean_mz_distance": 0.06164593622088432,
    "mean_dz_distance": 0.07450981438159943,
    "mean_unrel_distance": NaN,
    "distance_gap": 0.012863878160715103,
    "auc": 0.67,
    "pair_accuracy": 0.55,
    "n_mz": 10,
    "n_dz": 10,
    "n_unrel": 0
  },
  "heritability": {
    "h2": 0.02572774887084961,
    "r_mz": 0.9383540630340577,
    "r_dz": 0.9254901885986329,
    "n_mz": 10,
    "n_dz": 10,
    "ci_low": 0.0,
    "ci_high": 0.0783607843518258,
    "bootstrap_mean": 0.028464127242565154,
    "method": "cosine_encoder"
  },
  "train_loss_history": [
    0.12969158589839935,
    0.11204966902732849,
    0.09254642948508263,
    0.06260008364915848,
    0.05005182512104511
  ],
  "val_loss_history": [
    0.2884679550564518,
    0.28931367100904026,
    0.2880804174565128,
    0.2845340853721912,
    0.27764680060984875
  ]
}