{
  "fold": 0,
  "best_epoch": 2,
  "best_val_loss": 0.11887956410646439,
  "final_metrics": {
    "mean_mz_distance": 0.46217814087867737,
    "mean_dz_distance": 0.5183687210083008,
    "mean_unrel_distance": NaN,
    "distance_gap": 0.05619058012962341,
    "auc": 0.640625,
    "pair_accuracy": 0.625,
    "n_mz": 8,
    "n_dz": 8,
    "n_unrel": 0
  },
  "heritability": {
    "h2": 0.1123812347650528,
    "r_mz": 0.5378218702971935,
    "r_dz": 0.48163125291466713,
    "n_mz": 8,
    "n_dz": 8,
    "ci_low": 0.0,
    "ci_high": 0.35973771605640636,
    "bootstrap_mean": 0.1293658137843013,
    "method": "cosine_encoder"
  },
  "train_loss_history": [
    0.13607967924326658,
    0.08979713683947921,
    0.06996769830584526,
    0.05552385235205293,
    0.03919324744492769,
    0.030543838976882398,
    0.029505167854949832,
    0.026564381318166852,
    0.016839048301335424,
    0.016493352479301393,
    0.013739330519456416
  ],
  "val_loss_history": [
    0.20992591104004532,
    0.12730777636170387,
    0.11887956410646439,
    0.13323801010847092,
    0.1457476168870926,
    0.14632166177034378,
    0.1587841957807541,
    0.1614365018904209,
    0.1740598976612091,
    0.1780073642730713,
    0.178822323679924
  ]
}