{
  "fold": 0,
  "best_epoch": 1,
  "best_val_loss": 0.039868250489234924,
  "final_metrics": {
    "mean_mz_distance": 0.4760277569293976,
    "mean_dz_distance": 0.5245056748390198,
    "mean_unrel_distance": NaN,
    "distance_gap": 0.04847791790962219,
    "auc": 0.640625,
    "pair_accuracy": 0.5625,
    "n_mz": 8,
    "n_dz": 8,
    "n_unrel": 0
  },
  "heritability": {
    "h2": 0.09695587307214737,
    "r_mz": 0.5239722430706024,
    "r_dz": 0.47549430653452873,
    "n_mz": 8,
    "n_dz": 8,
    "ci_low": 0.0,
    "ci_high": 0.3163824731484055,
    "bootstrap_mean": 0.11114401049911976,
    "method": "cosine_encoder"
  },
  "train_loss_history": [
    0.0761117939837277,
    0.07245089393109083,
    0.06296844454482198,
    0.07096219481900334,
    0.05712574301287532,
    0.06424808385781944,
    0.060787586495280266,
    0.06828987644985318,
    0.062118185218423605,
    0.05769863072782755
  ],
  "val_loss_history": [
    0.072709133150056,
    0.039868250489234924,
    0.05733917094767094,
    0.063865861389786,
    0.07042927388101816,
    0.0705687627196312,
    0.06932887807488441,
    0.06833611894398928,
    0.07220729254186153,
    0.06977984262630343
  ]
}