{
  "fold": 0,
  "best_epoch": 1,
  "best_val_loss": 0.06842086277902126,
  "final_metrics": {
    "mean_mz_distance": 0.47636139392852783,
    "mean_dz_distance": 0.525206446647644,
    "mean_unrel_distance": NaN,
    "distance_gap": 0.04884505271911621,
    "auc": 0.640625,
    "pair_accuracy": 0.5625,
    "n_mz": 8,
    "n_dz": 8,
    "n_unrel": 0
  },
  "heritability": {
    "h2": 0.09769006073474884,
    "r_mz": 0.5236386246979237,
    "r_dz": 0.47479359433054924,
    "n_mz": 8,
    "n_dz": 8,
    "ci_low": 0.0,
    "ci_high": 0.32301490437239405,
    "bootstrap_mean": 0.11211439245939255,
    "method": "cosine_encoder"
  },
  "train_loss_history": [
    0.09179878979921341,
    0.0834489488042891,
    0.07643336150795221,
    0.08230527024716139,
    0.06587789161130786,
    0.07366995746269822,
    0.0724764121696353,
    0.07796714827418327,
    0.06998685095459223,
    0.06406260933727026
  ],
  "val_loss_history": [
    0.12325732666067779,
    0.06842086277902126,
    0.07278839126229286,
    0.07784268632531166,
    0.08411557599902153,
    0.08413201570510864,
    0.08278528973460197,
    0.0821886658668518,
    0.08710102364420891,
    0.08397235721349716
  ]
}