{
  "fold": 0,
  "best_epoch": 4,
  "best_val_loss": 0.1441388949751854,
  "final_metrics": {
    "mean_mz_distance": 0.4182979464530945,
    "mean_dz_distance": 0.5183713436126709,
    "mean_unrel_distance": NaN,
    "distance_gap": 0.10007339715957642,
    "auc": 0.71875,
    "pair_accuracy": 0.6875,
    "n_mz": 8,
    "n_dz": 8,
    "n_unrel": 0
  },
  "heritability": {
    "h2": 0.20014677941799164,
    "r_mz": 0.5817020535469055,
    "r_dz": 0.4816286638379097,
    "n_mz": 8,
    "n_dz": 8,
    "ci_low": 0.0,
    "ci_high": 0.42301614731550213,
    "bootstrap_mean": 0.20313044688105583,
    "method": "cosine_encoder"
  },
  "train_loss_history": [
    0.1730459239333868,
    0.14255763962864876,
    0.1471490990370512,
    0.1338220164179802,
    0.11305454932153225,
    0.10005560889840126,
    0.07969178818166256,
    0.09271644148975611,
    0.07763179764151573,
    0.06841436121612787,
    0.06561124557629228,
    0.06784169655293226,
    0.06990951392799616
  ],
  "val_loss_history": [
    0.3085657266783528,
    0.18686841428279877,
    0.1476503685116768,
    0.1463906727731228,
    0.1441388949751854,
    0.14924460649490356,
    0.15009881556034088,
    0.14513127505779266,
    0.15371433645486832,
    0.15443962067365646,
    0.14990302175283432,
    0.14531677216291428,
    0.15236172825098038
  ]
}