{
  "n_folds": 2,
  "mean_h2": 0.16475813388824478,
  "std_h2": 0.004855400323867776,
  "mean_distance_gap": 0.0823790431022644,
  "mean_auc": 0.685,
  "mean_pair_accuracy": 0.625,
  "per_fold": [
    {
      "fold": 0,
      "best_epoch": 4,
      "best_val_loss": 0.20963064394891262,
      "h2": 0.16961353421211256,
      "distance_gap": 0.08480674028396606,
      "auc": 0.6399999999999999,
      "pair_accuracy": 0.55
    },
    {
      "fold": 1,
      "best_epoch": 4,
      "best_val_loss": 0.2027434247235457,
      "h2": 0.159902733564377,
      "distance_gap": 0.07995134592056274,
      "auc": 0.7300000000000001,
      "pair_accuracy": 0.7
    }
  ]
}