{
  "fold": 0,
  "best_epoch": 1,
  "best_val_loss": 0.11980589851737022,
  "final_metrics": {
    "mean_mz_distance": 0.5305269956588745,
    "mean_dz_distance": 0.5483982563018799,
    "mean_unrel_distance": NaN,
    "distance_gap": 0.01787126064300537,
    "auc": 0.53125,
    "pair_accuracy": 0.5,
    "n_mz": 8,
    "n_dz": 8,
    "n_unrel": 0
  },
  "heritability": {
    "h2": 0.03574251011013985,
    "r_mz": 0.46947298385202885,
    "r_dz": 0.4516017287969589,
    "n_mz": 8,
    "n_dz": 8,
    "ci_low": 0.0,
    "ci_high": 0.4362375227734446,
    "bootstrap_mean": 0.1069380194209516,
    "method": "cosine_encoder"
  },
  "train_loss_history": [
    0.10781537275761366,
    0.11117682373151183,
    0.10560586303472519,
    0.10706983599811792,
    0.0963305439800024,
    0.09756917180493474,
    0.10546973953023553,
    0.09958180971443653,
    0.10872562415897846,
    0.10502785444259644
  ],
  "val_loss_history": [
    0.1526368665508926,
    0.11980589851737022,
    0.13268350809812546,
    0.1368611380457878,
    0.13882777094841003,
    0.13662220537662506,
    0.13828681409358978,
    0.13494984805583954,
    0.13864172250032425,
    0.13858596980571747
  ]
}