{
  "fold": 0,
  "best_epoch": 1,
  "best_val_loss": 0.07207276672124863,
  "final_metrics": {
    "mean_mz_distance": 0.47637486457824707,
    "mean_dz_distance": 0.5251889228820801,
    "mean_unrel_distance": NaN,
    "distance_gap": 0.04881405830383301,
    "auc": 0.640625,
    "pair_accuracy": 0.5625,
    "n_mz": 8,
    "n_dz": 8,
    "n_unrel": 0
  },
  "heritability": {
    "h2": 0.09762810915708542,
    "r_mz": 0.5236251279711723,
    "r_dz": 0.4748110733926296,
    "n_mz": 8,
    "n_dz": 8,
    "ci_low": 0.0,
    "ci_high": 0.3229919457808137,
    "bootstrap_mean": 0.11206603728979826,
    "method": "cosine_encoder"
  },
  "train_loss_history": [
    0.09402229357510805,
    0.08531100116670132,
    0.0786986006423831,
    0.08455027919262648,
    0.06773984804749489,
    0.07585890125483274,
    0.07485849363729358,
    0.08035372849553823,
    0.07216788828372955,
    0.06617325963452458
  ],
  "val_loss_history": [
    0.12918689311482012,
    0.07207276672124863,
    0.0752315316349268,
    0.08012362942099571,
    0.08643039502203465,
    0.08644010871648788,
    0.08514757454395294,
    0.08462459594011307,
    0.08967733755707741,
    0.0864250473678112
  ]
}