{
  "fold": 0,
  "best_epoch": 7,
  "best_val_loss": 0.3254357948899269,
  "final_metrics": {
    "mean_mz_distance": 0.4593576490879059,
    "mean_dz_distance": 0.5330581665039062,
    "mean_unrel_distance": NaN,
    "distance_gap": 0.07370051741600037,
    "auc": 0.703125,
    "pair_accuracy": 0.625,
    "n_mz": 8,
    "n_dz": 8,
    "n_unrel": 0
  },
  "heritability": {
    "h2": 0.14740093052387238,
    "r_mz": 0.5406423397362232,
    "r_dz": 0.46694187447428703,
    "n_mz": 8,
    "n_dz": 8,
    "ci_low": 0.0,
    "ci_high": 0.39709808453917506,
    "bootstrap_mean": 0.15822058488428592,
    "method": "cosine_encoder"
  },
  "train_loss_history": [
    0.3719346895813942,
    0.29492807388305664,
    0.2803275305777788,
    0.25149660743772984,
    0.1819840520620346,
    0.18038923479616642,
    0.18501920998096466,
    0.1657203370705247,
    0.1181643158197403,
    0.11981252441182733,
    0.11278504971414804,
    0.12329521775245667,
    0.10125874634832144,
    0.09692880045622587,
    0.09340210910886526,
    0.08287695003673434
  ],
  "val_loss_history": [
    0.5924301169579849,
    0.4044232089072466,
    0.3388771489262581,
    0.33116064220666885,
    0.34123365581035614,
    0.3289048820734024,
    0.3325768858194351,
    0.3254357948899269,
    0.3436623364686966,
    0.33806899189949036,
    0.33512453734874725,
    0.33999308943748474,
    0.33578141033649445,
    0.33730921149253845,
    0.3325539231300354,
    0.33707287907600403
  ]
}