{
  "fold": 1,
  "best_epoch": 4,
  "best_val_loss": 0.2027434247235457,
  "final_metrics": {
    "mean_mz_distance": 0.3585140109062195,
    "mean_dz_distance": 0.4384653568267822,
    "mean_unrel_distance": NaN,
    "distance_gap": 0.07995134592056274,
    "auc": 0.7300000000000001,
    "pair_accuracy": 0.7,
    "n_mz": 10,
    "n_dz": 10,
    "n_unrel": 0
  },
  "heritability": {
    "h2": 0.159902733564377,
    "r_mz": 0.641486006975174,
    "r_dz": 0.5615346401929855,
    "n_mz": 10,
    "n_dz": 10,
    "ci_low": 0.0,
    "ci_high": 0.3794262348115443,
    "bootstrap_mean": 0.1630548309445381,
    "method": "cosine_encoder"
  },
  "train_loss_history": [
    0.16065990179777145,
    0.08545839041471481,
    0.04736125096678734,
    0.06470087170600891,
    0.06360072642564774
  ],
  "val_loss_history": [
    0.27737227303441614,
    0.263177639998806,
    0.24700486524185786,
    0.22601336830606064,
    0.2027434247235457
  ]
}