{
  "fold": 0,
  "best_epoch": 4,
  "best_val_loss": 0.20963064394891262,
  "final_metrics": {
    "mean_mz_distance": 0.37886843085289,
    "mean_dz_distance": 0.4636751711368561,
    "mean_unrel_distance": NaN,
    "distance_gap": 0.08480674028396606,
    "auc": 0.6399999999999999,
    "pair_accuracy": 0.55,
    "n_mz": 10,
    "n_dz": 10,
    "n_unrel": 0
  },
  "heritability": {
    "h2": 0.16961353421211256,
    "r_mz": 0.6211315572261811,
    "r_dz": 0.5363247901201248,
    "n_mz": 10,
    "n_dz": 10,
    "ci_low": 0.0,
    "ci_high": 0.4248240336775779,
    "bootstrap_mean": 0.1728149212360382,
    "method": "cosine_encoder"
  },
  "train_loss_history": [
    0.10188328474760056,
    0.062117405235767365,
    0.03081287257373333,
    0.024692482315003872,
    0.021766887046396732
  ],
  "val_loss_history": [
    0.27592915849527344,
    0.2660070030639569,
    0.24980241556962332,
    0.23196069120119014,
    0.20963064394891262
  ]
}