{
  "fold": 0,
  "best_epoch": 17,
  "best_val_loss": 0.1994308903813362,
  "final_metrics": {
    "mean_mz_distance": 0.43704840540885925,
    "mean_dz_distance": 0.5496748685836792,
    "mean_unrel_distance": NaN,
    "distance_gap": 0.11262646317481995,
    "auc": 0.78125,
    "pair_accuracy": 0.6875,
    "n_mz": 8,
    "n_dz": 8,
    "n_unrel": 0
  },
  "heritability": {
    "h2": 0.22525301575660706,
    "r_mz": 0.5629515945911407,
    "r_dz": 0.4503250867128372,
    "n_mz": 8,
    "n_dz": 8,
    "ci_low": 0.06459288951009512,
    "ci_high": 0.404191942512989,
    "bootstrap_mean": 0.2280458257868886,
    "method": "cosine_encoder"
  },
  "train_loss_history": [
    0.2677614092826843,
    0.26782211661338806,
    0.24337546527385712,
    0.19905236829072237,
    0.2048110943287611,
    0.17832973320037127,
    0.1604270152747631,
    0.1649084221571684,
    0.14504542294889688,
    0.1327583435922861,
    0.12357752118259668,
    0.11049503926187754,
    0.09186691977083683,
    0.10577622381970286,
    0.11078566871583462,
    0.11541191302239895,
    0.09159379359334707,
    0.08712900523096323,
    0.09459555055946112,
    0.10858955467119813,
    0.08144606649875641,
    0.07234135875478387,
    0.08116284292191267,
    0.07979656103998423,
    0.09098766697570682
  ],
  "val_loss_history": [
    0.5228865624521859,
    0.4160999646410346,
    0.31267009675502777,
    0.2526686303317547,
    0.2448449581861496,
    0.23567981272935867,
    0.23790927976369858,
    0.23395775258541107,
    0.22938313335180283,
    0.2167082577943802,
    0.21415702998638153,
    0.21081659197807312,
    0.21197178214788437,
    0.2135242037475109,
    0.20605339109897614,
    0.2074119821190834,
    0.20607903599739075,
    0.1994308903813362,
    0.2045973613858223,
    0.2134469896554947,
    0.21200207993388176,
    0.2045983076095581,
    0.20421084016561508,
    0.21249225735664368,
    0.21081431210041046
  ]
}