{
  "fold": 1,
  "best_epoch": 4,
  "best_val_loss": 0.28714871088353294,
  "final_metrics": {
    "mean_mz_distance": 0.014921772293746471,
    "mean_dz_distance": 0.02031697705388069,
    "mean_unrel_distance": NaN,
    "distance_gap": 0.00539520476013422,
    "auc": 0.7500000000000001,
    "pair_accuracy": 0.75,
    "n_mz": 10,
    "n_dz": 10,
    "n_unrel": 0
  },
  "heritability": {
    "h2": 0.010790407657623291,
    "r_mz": 0.985078227519989,
    "r_dz": 0.9796830236911773,
    "n_mz": 10,
    "n_dz": 10,
    "ci_low": 0.0019264715909957488,
    "ci_high": 0.01955886214971551,
    "bootstrap_mean": 0.0109691147685051,
    "method": "cosine_encoder"
  },
  "train_loss_history": [
    0.15340439975261688,
    0.09828178584575653,
    0.13048536330461502,
    0.11855410039424896,
    0.08136899024248123
  ],
  "val_loss_history": [
    0.2913273402199792,
    0.2910107609938943,
    0.2904258494182462,
    0.28929180878943345,
    0.28714871088353294
  ]
}