{
  "fold": 0,
  "best_epoch": 1,
  "best_val_loss": 0.027647834736853838,
  "final_metrics": {
    "mean_mz_distance": 0.4758213758468628,
    "mean_dz_distance": 0.5241273641586304,
    "mean_unrel_distance": NaN,
    "distance_gap": 0.04830598831176758,
    "auc": 0.640625,
    "pair_accuracy": 0.5625,
    "n_mz": 8,
    "n_dz": 8,
    "n_unrel": 0
  },
  "heritability": {
    "h2": 0.09661197662353516,
    "r_mz": 0.524178646504879,
    "r_dz": 0.4758726581931114,
    "n_mz": 8,
    "n_dz": 8,
    "ci_low": 0.0,
    "ci_high": 0.31377700529992575,
    "bootstrap_mean": 0.11073158891499042,
    "method": "cosine_encoder"
  },
  "train_loss_history": [
    0.07104098657146096,
    0.06958403112366796,
    0.058575070928782225,
    0.06848782207816839,
    0.05569984368048608,
    0.06253684137482196,
    0.05769343860447407,
    0.06638126820325851,
    0.06178671633824706,
    0.05752308340743184
  ],
  "val_loss_history": [
    0.044141018646769226,
    0.027647834736853838,
    0.052724214969202876,
    0.06037651258520782,
    0.06727227312512696,
    0.06757050007581711,
    0.06647375226020813,
    0.06545779877342284,
    0.06927469209767878,
    0.06712870579212904
  ]
}