{
  "fold": 0,
  "best_epoch": 9,
  "best_val_loss": 0.023530483711510897,
  "final_metrics": {
    "mean_mz_distance": 0.4533478617668152,
    "mean_dz_distance": 0.6323673725128174,
    "mean_unrel_distance": NaN,
    "distance_gap": 0.1790195107460022,
    "auc": 0.78125,
    "pair_accuracy": 0.8125,
    "n_mz": 8,
    "n_dz": 8,
    "n_unrel": 0
  },
  "heritability": {
    "h2": 0.35803896002471447,
    "r_mz": 0.5466521456837654,
    "r_dz": 0.3676326656714082,
    "n_mz": 8,
    "n_dz": 8,
    "ci_low": 0.12792192064225674,
    "ci_high": 0.6326892442069947,
    "bootstrap_mean": 0.36478027862869206,
    "method": "cosine_encoder"
  },
  "train_loss_history": [
    0.04431285592727363,
    0.019476397923426703,
    0.00971920009033056,
    0.003712438337970525,
    0.004056895821122453,
    0.003212127139704535,
    0.004390255162434187,
    0.0032916490818024613,
    0.004144178041315172,
    0.0033276624890277162,
    0.0015692148572270526,
    0.001366917466839368,
    0.0004144238118897192,
    0.0009364717088828911,
    0.001330709556441434,
    0.0011472584319562884,
    0.0006777691551178577,
    0.0012240867981745396
  ],
  "val_loss_history": [
    0.04813175249728374,
    0.0346277691423893,
    0.05187348835170269,
    0.0685124434530735,
    0.060708947479724884,
    0.05830587446689606,
    0.06137623265385628,
    0.047677261754870415,
    0.030052250251173973,
    0.023530483711510897,
    0.0313038332387805,
    0.030681646429002285,
    0.02593602892011404,
    0.032094198279082775,
    0.033523296006023884,
    0.03976615332067013,
    0.03966169059276581,
    0.03695778828114271
  ]
}