{
  "fold": 0,
  "best_epoch": 1,
  "best_val_loss": 0.15591548010706902,
  "final_metrics": {
    "mean_mz_distance": 0.35299259424209595,
    "mean_dz_distance": 0.6256611347198486,
    "mean_unrel_distance": NaN,
    "distance_gap": 0.2726685404777527,
    "auc": 0.921875,
    "pair_accuracy": 0.8125,
    "n_mz": 8,
    "n_dz": 8,
    "n_unrel": 0
  },
  "heritability": {
    "h2": 0.5453371107578278,
    "r_mz": 0.647007405757904,
    "r_dz": 0.3743388503789902,
    "n_mz": 8,
    "n_dz": 8,
    "ci_low": 0.29972590450197456,
    "ci_high": 0.7592303795740009,
    "bootstrap_mean": 0.546642731308937,
    "method": "cosine_encoder"
  },
  "train_loss_history": [
    0.18723353184759617,
    0.06386644579470158,
    0.03685637493617833,
    0.021744284429587424,
    0.015505068353377283,
    0.01843188173370436,
    0.016736903984565288,
    0.010307195829227567,
    0.009946757076249924,
    0.006150424655061215
  ],
  "val_loss_history": [
    0.30883384522167034,
    0.15591548010706902,
    0.199459508061409,
    0.1881742849946022,
    0.17438529431819916,
    0.1919463500380516,
    0.1851118505001068,
    0.20299619436264038,
    0.19023417681455612,
    0.17385026812553406
  ]
}