{
  "fold": 0,
  "best_epoch": 1,
  "best_val_loss": 0.0569301787763834,
  "final_metrics": {
    "mean_mz_distance": 0.4764082729816437,
    "mean_dz_distance": 0.5252261757850647,
    "mean_unrel_distance": NaN,
    "distance_gap": 0.04881790280342102,
    "auc": 0.640625,
    "pair_accuracy": 0.5625,
    "n_mz": 8,
    "n_dz": 8,
    "n_unrel": 0
  },
  "heritability": {
    "h2": 0.09763584285974503,
    "r_mz": 0.5235917493700981,
    "r_dz": 0.4747738279402256,
    "n_mz": 8,
    "n_dz": 8,
    "ci_low": 0.0,
    "ci_high": 0.32215099465101954,
    "bootstrap_mean": 0.11201981148123741,
    "method": "cosine_encoder"
  },
  "train_loss_history": [
    0.08505360689014196,
    0.07796648843213916,
    0.06973260408267379,
    0.075705511495471,
    0.060401886235922575,
    0.06729789869859815,
    0.06534185027703643,
    0.0709849139675498,
    0.06355818104930222,
    0.05800897674635053
  ],
  "val_loss_history": [
    0.10399006912484765,
    0.0569301787763834,
    0.06547413766384125,
    0.07101344130933285,
    0.0771289486438036,
    0.0770532377064228,
    0.07563282083719969,
    0.07478822767734528,
    0.07919644936919212,
    0.07637606374919415
  ]
}