{
  "fold": 0,
  "best_epoch": 4,
  "best_val_loss": 0.2739867360214703,
  "final_metrics": {
    "mean_mz_distance": 0.0643521249294281,
    "mean_dz_distance": 0.08940092474222183,
    "mean_unrel_distance": NaN,
    "distance_gap": 0.02504879981279373,
    "auc": 0.77,
    "pair_accuracy": 0.65,
    "n_mz": 10,
    "n_dz": 10,
    "n_unrel": 0
  },
  "heritability": {
    "h2": 0.05009759664535518,
    "r_mz": 0.9356478750705719,
    "r_dz": 0.9105990767478943,
    "n_mz": 10,
    "n_dz": 10,
    "ci_low": 0.002235731482505623,
    "ci_high": 0.09588141828775405,
    "bootstrap_mean": 0.050588732373714446,
    "method": "cosine_encoder"
  },
  "train_loss_history": [
    0.12026753276586533,
    0.0958685576915741,
    0.1008484996855259,
    0.03840642422437668,
    0.03282981738448143
  ],
  "val_loss_history": [
    0.2890231876488845,
    0.28886746595132234,
    0.2866497679776027,
    0.2821299457840117,
    0.2739867360214703
  ]
}