{
  "fold": 0,
  "best_epoch": 1,
  "best_val_loss": 0.03272346965968609,
  "final_metrics": {
    "mean_mz_distance": 0.47585195302963257,
    "mean_dz_distance": 0.5241812467575073,
    "mean_unrel_distance": NaN,
    "distance_gap": 0.048329293727874756,
    "auc": 0.640625,
    "pair_accuracy": 0.5625,
    "n_mz": 8,
    "n_dz": 8,
    "n_unrel": 0
  },
  "heritability": {
    "h2": 0.09665872156620026,
    "r_mz": 0.5241480655968189,
    "r_dz": 0.4758187048137188,
    "n_mz": 8,
    "n_dz": 8,
    "ci_low": 0.0,
    "ci_high": 0.31414573062211265,
    "bootstrap_mean": 0.11078929386287928,
    "method": "cosine_encoder"
  },
  "train_loss_history": [
    0.07298416295088828,
    0.07080145040526986,
    0.060692256316542625,
    0.06985635170713067,
    0.05671319901011884,
    0.06396557530388236,
    0.05976908886805177,
    0.06822446128353477,
    0.06289801956154406,
    0.05875156039837748
  ],
  "val_loss_history": [
    0.05720158095937222,
    0.03272346965968609,
    0.05477830255404115,
    0.061989190289750695,
    0.06882782280445099,
    0.06917633814737201,
    0.06802707258611917,
    0.06712469505146146,
    0.07095470372587442,
    0.06878836406394839
  ]
}