{
  "fold": 0,
  "best_epoch": 1,
  "best_val_loss": 0.03252812661230564,
  "final_metrics": {
    "mean_mz_distance": 0.44380611181259155,
    "mean_dz_distance": 0.556056022644043,
    "mean_unrel_distance": NaN,
    "distance_gap": 0.11224991083145142,
    "auc": 0.75,
    "pair_accuracy": 0.6875,
    "n_mz": 8,
    "n_dz": 8,
    "n_unrel": 0
  },
  "heritability": {
    "h2": 0.22449982911348343,
    "r_mz": 0.5561938658356667,
    "r_dz": 0.44394395127892494,
    "n_mz": 8,
    "n_dz": 8,
    "ci_low": 0.05965453535318375,
    "ci_high": 0.40756205935031176,
    "bootstrap_mean": 0.22651816348731518,
    "method": "cosine_encoder"
  },
  "train_loss_history": [
    0.07970963977277279,
    0.07471462921239436,
    0.0718441759236157,
    0.06420457805506885,
    0.06720580003457144,
    0.06855866615660489,
    0.053657878655940294,
    0.07117986097000539,
    0.048385913483798504,
    0.06531012640334666
  ],
  "val_loss_history": [
    0.05637906180345453,
    0.03252812661230564,
    0.04240588750690222,
    0.05530096869915724,
    0.06361371441744268,
    0.05629413388669491,
    0.06177227268926799,
    0.06137355091050267,
    0.06583553011296317,
    0.059090882423333824
  ]
}